Workbook

Sheet Overview & DB Architecture
A1: CARDIOLOGY HF REGISTRY & GDMT CLINICAL DASHBOARD MAPPING SPECIFICATION
A2: Comprehensive cross-reference between 'dashboard forms and formulae.xlsx' and local MSSQL database 'local_schema and data.sql' (Database: care)
A4: 1. RELATIONAL DATABASE ARCHITECTURE & ENTITY RELATIONSHIP JOIN GRAPH
A5: Source / Primary Entity | B5: Join Entity (Table) | C5: Primary Key / Foreign Key Join Condition | D5: Cardinality | E5: Clinical Domain / Purpose
A6: hf_registry (Core HF Registry) | B6: patient_demographics | C6: hf_registry.reg_patient_id = patient_demographics.reg_patient_id | D6: 1 : 1 | E6: Master patient demographics (UHID, Name, DOB, Gender, IP No, Contacts)
A7: hf_registry | B7: hf_administrative | C7: hf_registry.hf_id = hf_administrative.hf_id | D7: 1 : 1 | E7: Encounter admission/discharge dates, cardiologist, insurer, admission reasons
A8: hf_registry | B8: hf_initial_assessment | C8: hf_registry.hf_id = hf_initial_assessment.hf_id | D8: 1 : 1 | E8: Vitals (BP, HR, RR, SpO2, Wt, Ht), signs/symptoms, medical/surgical history
A9: hf_registry | B9: hf_final_clinical_assessment | C9: hf_registry.hf_id = hf_final_clinical_assessment.hf_id | D9: 1 : 1 | E9: HF Phenotype (HFrEF/HFpEF), NYHA class, comorbidities (DM, HTN, CKD), MACE/Death
A10: hf_registry | B10: hf_cardiac_investigations | C10: hf_registry.hf_id = hf_cardiac_investigations.hf_id | D10: 1 : 1 | E10: Echo (EF%, RWMI), ECG (Q waves, QTc, rhythms, AV conduction blocks), Angiogram
A11: hf_registry | B11: hf_advanced_investigations | C11: hf_registry.hf_id = hf_advanced_investigations.hf_id | D11: 1 : 1 | E11: Holter monitoring, VT/NSVT, cardiac MRI, cardiopulmonary exercise testing
A12: hf_registry | B12: hf_lab_tests | C12: hf_registry.hf_id = hf_lab_tests.hf_id | D12: 1 : 1 | E12: Biomarkers & labs (Serum Potassium, Creatinine, Hemoglobin, BNP, NT-proBNP, Na)
A13: hf_registry | B13: hf_device_therapy | C13: hf_registry.hf_id = hf_device_therapy.hf_id | D13: 1 : 1 | E13: Implanted cardiac devices (CRT-D, CRT-P, ICD, Pacemakers), shock telemetry
A14: hf_registry | B14: hf_medical_therapy_part1 | C14: hf_registry.hf_id = hf_medical_therapy_part1.hf_id | D14: 1 : 1 | E14: Beta blockers, ACEi, ARB, Aldosterone antagonists (MRA) & documented CI reasons
A15: hf_registry | B15: hf_medical_therapy_part2 | C15: hf_registry.hf_id = hf_medical_therapy_part2.hf_id | D15: 1 : 1 | E15: Diuretics (Lasix, Torsemide, Metolazone), antiplatelets, anticoagulants, nitrates
A16: hf_registry | B16: hf_medical_therapy_part3 | C16: hf_registry.hf_id = hf_medical_therapy_part3.hf_id | D16: 1 : 1 | E16: Statins (Atorva, Rosuva), Digoxin, Ivabradine, antidiabetics (Insulin, Metformin)
... A18: patient_demographics | B18: patient_identity_index | C18: patient_demographics.reg_patient_id = patient_identity_index.reg_patient_id | D18: 1 : 1 | E18: Normalized MPI deduplication tokens (Soundex, Hash of UHID, Phone, ABHA)
A21: 2. MAPPING WORKBOOK STRUCTURE & NAVIGATIONAL INDEX
A22: Sheet Tab Name | B22: Source Sheet in Dashboard Workbook | C22: Target DB Scope & Tables | D22: Mapped Elements | E22: Core Clinical & Analytical Functionality
A23: Sheet1 Mapping | B23: sheet 1 / sheet 1 formula | C23: patient_demographics, hf_administrative, hf_initial_assessment, hf_cardiac_investigations, hf_lab_tests, hf_final_clinical_assessment, hf_medical_therapy_part1/2/3, hf_device_therapy | D23: Columns A to CR (96 Columns) | E23: Patient-level registry ingestion, clinical demographics, baseline labs, 6-pillar drug intake, contraindication flags, individual deviation flags & adherence %
A24: CI Flags Mapping | B24: CI Flags / CI FLAGS FORMULAE | C24: hf_initial_assessment, hf_lab_tests, hf_administrative, hf_final_clinical_assessment, hf_medical_therapy_part1/2 | D24: Columns A to S (19 Columns) | E24: Physiological safety rule engine (Bradycardia, Hypotension thresholds for BB/ACEi/ARB/ARNI, Shock/Inotropes, Asthma/COPD, Hyperkalaemia, Renal cutoffs, Heart Blocks, DKA, UTI)
A25: GDMT Summary Mapping | B25: GDMT Summary / GDMT FORMULA | C25: Derived aggregations from hf_registry, patient_demographics, hf_medical_therapy_part1, hf_followup_records | D25: Cohort KPI Aggregates & Distribution Grids | E25: Pillar uptake percentages (Beta blocker, ACEi, ARB, ARNI, MRA, SGLT2i), multi-drug therapy count distributions (0 to 4+ drugs), deviation breakdown, cohort adherence distribution
A26: Key Points Mapping | B26: key points / key points formula | C26: patient_demographics, hf_final_clinical_assessment, hf_cardiac_investigations, CI Flags, GDMT Summary | D26: 55 Analytical Metric Parameters & Executive Insights | E26: Executive clinical report metrics: Age, Gender, HFrEF/HFpEF, Mean EF%, NYHA III/IV, Comorbidities, Mortality, Under-treatment vs Inappropriate prescription rates, Executive narrative synthesis

Sheet Sheet1 Mapping
A1: DATA DICTIONARY & FIELD MAPPING: SHEET 1 (PATIENT REGISTRY COHORT MASTER)
A2: Col Letter | B2: Col Index | C2: Dashboard Column Name | D2: Target Database Table | E2: Target Database Column(s) | F2: Data Type | G2: Mapping Type | H2: Extraction / Transformation Rule & SQL Expression | I2: Dashboard Formula / Dependency | J2: Clinical & Engineering Rationale
A3: A | B3: 1 | C3: 12583.0 / Record ID | D3: hf_registry | E3: hf_id | F3: INT | G3: Direct DB | H3: hf_registry.hf_id | I3: None | J3: Surrogate primary key of the heart failure registry record
A4: B | B4: 2 | C4: UHID(T3) | D4: patient_demographics | E4: uhid | F4: VARCHAR(50) | G4: Direct DB | H4: patient_demographics.uhid | I4: None | J4: Unique Hospital Identification (UHID) issued by T3 hospital HIS
A5: C | B5: 3 | C5: IP No(T3) | D5: patient_demographics | E5: ip_no | F5: VARCHAR(10) | G5: Direct DB | H5: patient_demographics.ip_no | I5: None | J5: Inpatient admission encounter number from T3 HIS
A6: D | B6: 4 | C6: IP No(Prosoft) | D6: hf_administrative | E6: care_mr_no | F6: VARCHAR(50) | G6: Direct DB | H6: hf_administrative.care_mr_no | I6: None | J6: Secondary institutional Medical Record / Prosoft IP Number
A7: E | B7: 5 | C7: PINCODE | D7: patient_demographics | E7: pincode | F7: VARCHAR(10) | G7: Direct DB | H7: patient_demographics.pincode | I7: None | J7: Residential postal area code for geographical demographic analysis
A8: F | B8: 6 | C8: Patient name | D8: patient_demographics | E8: patient_name | F8: VARCHAR(150) | G8: Direct DB | H8: patient_demographics.patient_name | I8: None | J8: Full legal patient name recorded at registration
A9: G | B9: 7 | C9: Age | D9: patient_demographics | E9: date_of_birth | F9: INT (Derived) | G9: Calculated | H9: DATEDIFF(YEAR, patient_demographics.date_of_birth, hf_administrative.visit_date) | I9: None | J9: Calculated patient age in years at date of admission
A10: H | B10: 8 | C10: Gender | D10: patient_demographics | E10: gender | F10: NVARCHAR(6) | G10: Direct DB | H10: patient_demographics.gender | I10: None | J10: Biological gender ('Male', 'Female', 'Other')
A11: I | B11: 9 | C11: Contact no 1 | D11: patient_demographics | E11: phone_no | F11: VARCHAR(15) | G11: Direct DB | H11: patient_demographics.phone_no | I11: None | J11: Primary patient contact mobile telephone number
A12: J | B12: 10 | C12: Contact no 2 | D12: hf_administrative | E12: caregiver_phone | F12: VARCHAR(15) | G12: Direct DB | H12: hf_administrative.caregiver_phone | I12: None | J12: Secondary emergency or caregiver telephone number
A13: K | B13: 11 | C13: Payment | D13: hf_administrative | E13: insurance_mode | F13: NVARCHAR(24) | G13: Direct DB | H13: hf_administrative.insurance_mode | I13: None | J13: Payer classification ('Cash', 'Insurance', 'PMJAY', 'Arogyasri')
A14: L | B14: 12 | C14: Caregiver Name&Relationship to patient | D14: hf_administrative | E14: caregiver_name, caregiver_relationship | F14: VARCHAR(200) | G14: Concatenated | H14: CONCAT(hf_administrative.caregiver_name, ' (', hf_administrative.caregiver_relationship, ')') | I14: None | J14: Nominated relative or caregiver name and relationship
... A82: CB | B82: 80 | C82: SGLT2 inhibitor | D82: hf_followup_records, hf_medical_therapy_part3 | E82: sglt2_dapagliflozin_taking, other_medication_2_name | F82: BIT (0/1) | G82: Calculated | H82: CASE WHEN sglt2_dapagliflozin_taking='Yes' OR other_medication_2_name LIKE '%dapagliflozin%' THEN 1 ELSE 0 END | I82: None | J82: Guideline-Directed Medical Therapy Pillar 4: Sodium-Glucose Cotransporter-2 Inhibitor
A83: CC | B83: 81 | C83: Number of GDMT Drugs Taken | D83: Sheet1 / Calculated | E83: BW + BX + BY + BZ + CA + CB | F83: INT (0-6) | G83: Calculated | H83: BW + BX + BY + BZ + CA + CB | I83: =SUM(BW2:CB2) | J83: Total count of the 6 evaluated GDMT classes currently prescribed to the patient
A84: CD | B84: 82 | C84: Known Contraindication for Beta blocker | D84: CI Flags | E84: Bradycardia, SBP < BB threshold, Shock/inotropes, Asthma/COPD, AV block | F84: BIT (0/1) | G84: Engine Flag | H84: MAX(CI_Flags.Bradycardia, CI_Flags.SBP_BB, CI_Flags.Shock, CI_Flags.Asthma, CI_Flags.AV_block) | I84: =IF(OR('CI Flags'!H2=1, 'CI Flags'!I2=1, 'CI Flags'!K2=1, 'CI Flags'!L2=1, 'CI Flags'!P2=1), 1, 0) | J84: Documented safety contraindication barrier precluding safe Beta Blocker therapy
A85: CE | B85: 83 | C85: Known Contraindication for ACE inhibitor | D85: CI Flags | E85: SBP < threshold, Hyperkalaemia, Renal impairment | F85: BIT (0/1) | G85: Engine Flag | H85: MAX(CI_Flags.SBP_BB, CI_Flags.Hyperkal_ACE, CI_Flags.Renal_impairment) | I85: =IF(OR('CI Flags'!I2=1, 'CI Flags'!M2=1, 'CI Flags'!O2=1), 1, 0) | J85: Documented safety contraindication barrier precluding safe ACE Inhibitor therapy
A86: CF | B86: 84 | C86: Known Contraindication for ARB | D86: CI Flags | E86: SBP < threshold, Hyperkalaemia, Renal impairment | F86: BIT (0/1) | G86: Engine Flag | H86: MAX(CI_Flags.SBP_BB, CI_Flags.Hyperkal_ACE, CI_Flags.Renal_impairment) | I86: =IF(OR('CI Flags'!I2=1, 'CI Flags'!M2=1, 'CI Flags'!O2=1), 1, 0) | J86: Documented safety contraindication barrier precluding safe ARB therapy
A87: CG | B87: 85 | C87: Known Contraindication for ARNI | D87: CI Flags | E87: SBP < ARNI threshold, Hyperkalaemia, Renal impairment | F87: BIT (0/1) | G87: Engine Flag | H87: MAX(CI_Flags.SBP_ARNI, CI_Flags.Hyperkal_ACE, CI_Flags.Renal_impairment) | I87: =IF(OR('CI Flags'!J2=1, 'CI Flags'!M2=1, 'CI Flags'!O2=1), 1, 0) | J87: Documented safety contraindication barrier precluding safe ARNI therapy (stricter SBP >= 100)
A88: CH | B88: 86 | C88: Known Contraindication for MRA | D88: CI Flags | E88: Hyperkalaemia (MRA), Renal impairment | F88: BIT (0/1) | G88: Engine Flag | H88: MAX(CI_Flags.Hyperkal_MRA, CI_Flags.Renal_impairment) | I88: =IF(OR('CI Flags'!N2=1, 'CI Flags'!O2=1), 1, 0) | J88: Documented safety contraindication barrier precluding safe MRA therapy (K > 5.0, Cr > 2.5)
A89: CI | B89: 87 | C89: Known Contraindication for SGLT2 inhibitor | D89: CI Flags | E89: Severe renal (SGLT2), DKA, UTI/urosepsis | F89: BIT (0/1) | G89: Engine Flag | H89: MAX(CI_Flags.Severe_renal_SGLT2, CI_Flags.DKA, CI_Flags.UTI) | I89: =IF(OR('CI Flags'!Q2=1, 'CI Flags'!R2=1, 'CI Flags'!S2=1), 1, 0) | J89: Documented safety contraindication barrier precluding safe SGLT2i therapy (Cr > 3.0, DKA, Urosepsis)
A90: CJ | B90: 88 | C90: Deviation for Beta blocker2 | D90: Sheet1 / Evaluated | E90: BW (Prescribed), CD (Contraindication) | F90: BIT (0/1) | G90: Evaluated | H90: CASE WHEN (BW=1 AND CD=1) OR (BW=0 AND CD=0) THEN 1 ELSE 0 END | I90: =IF(OR(AND(BW2=1, CD2=1), AND(BW2=0, CD2=0)), 1, 0) | J90: Clinical deviation indicator: Prescribed despite CI (Risk) OR Withheld without CI (Under-treatment)
A91: CK | B91: 89 | C91: Deviation for ACE inhibitor3 | D91: Sheet1 / Evaluated | E91: BX (Prescribed), CE (Contraindication) | F91: BIT (0/1) | G91: Evaluated | H91: CASE WHEN (BX=1 AND CE=1) OR (BX=0 AND CE=0) THEN 1 ELSE 0 END | I91: =IF(OR(AND(BX2=1, CE2=1), AND(BX2=0, CE2=0)), 1, 0) | J91: Clinical deviation indicator for ACE Inhibitor therapy
A92: CL | B92: 90 | C92: Deviation for ARB4 | D92: Sheet1 / Evaluated | E92: BY (Prescribed), CF (Contraindication) | F92: BIT (0/1) | G92: Evaluated | H92: CASE WHEN (BY=1 AND CF=1) OR (BY=0 AND CF=0) THEN 1 ELSE 0 END | I92: =IF(OR(AND(BY2=1, CF2=1), AND(BY2=0, CF2=0)), 1, 0) | J92: Clinical deviation indicator for Angiotensin Receptor Blocker therapy
A93: CM | B93: 91 | C93: Deviation for ARNI5 | D93: Sheet1 / Evaluated | E93: BZ (Prescribed), CG (Contraindication) | F93: BIT (0/1) | G93: Evaluated | H93: CASE WHEN (BZ=1 AND CG=1) OR (BZ=0 AND CG=0) THEN 1 ELSE 0 END | I93: =IF(OR(AND(BZ2=1, CG2=1), AND(BZ2=0, CG2=0)), 1, 0) | J93: Clinical deviation indicator for ARNI therapy
A94: CN | B94: 92 | C94: Deviation for MRA6 | D94: Sheet1 / Evaluated | E94: CA (Prescribed), CH (Contraindication) | F94: BIT (0/1) | G94: Evaluated | H94: CASE WHEN (CA=1 AND CH=1) OR (CA=0 AND CH=0) THEN 1 ELSE 0 END | I94: =IF(OR(AND(CA2=1, CH2=1), AND(CA2=0, CH2=0)), 1, 0) | J94: Clinical deviation indicator for Mineralocorticoid Receptor Antagonist therapy
A95: CO | B95: 93 | C95: Deviation for SGLT2 inhibitor7 | D95: Sheet1 / Evaluated | E95: CB (Prescribed), CI (Contraindication) | F95: BIT (0/1) | G95: Evaluated | H95: CASE WHEN (CB=1 AND CI=1) OR (CB=0 AND CI=0) THEN 1 ELSE 0 END | I95: =IF(OR(AND(CB2=1, CI2=1), AND(CB2=0, CI2=0)), 1, 0) | J95: Clinical deviation indicator for SGLT2 Inhibitor therapy
A96: CP | B96: 94 | C96: Total Deviations present | D96: Sheet1 / Aggregated | E96: CJ + CK + CL + CM + CN + CO | F96: INT (0-6) | G96: Calculated | H96: CJ + CK + CL + CM + CN + CO | I96: =SUM(CJ2:CO2) | J96: Total count of guideline deviations across the 6 drug pillars (0 = complete adherence, 6 = complete deviation)
A97: CQ | B97: 95 | C97: Total Variables | D97: Constant Parameter | E97: Number of Pillars Evaluated | F97: INT | G97: Fixed Constant | H97: 6 | I97: =6 | J97: Denominator representing the 6 evaluated therapeutic drug classes
A98: CR | B98: 96 | C98: % of GDMT adhered to | D98: Sheet1 / Evaluated | E98: CQ (Total Variables), CP (Total Deviations) | F98: DECIMAL(4,2) | G98: Calculated | H98: ROUND((CQ - CP) / CQ, 2) | I98: =(CQ2-CP2)/CQ2 | J98: Standardized patient adherence proportion: (6 - Deviations) / 6. (Values: 1.0, 0.83, 0.67, 0.50, 0.33, 0.17, 0.0)

Sheet CI Flags Mapping
A1: CLINICAL INTELLIGENCE CONTRAINDICATION ENGINE: CI FLAGS MAPPING SPECIFICATION
A2: Col Letter | B2: CI Flag Column Name | C2: Target Database Table(s) | D2: Target Database Column(s) | E2: Clinical Cutoff / Threshold | F2: Rule / Keywords Searched | G2: Source Columns in Sheet1 | H2: Dashboard Formula (Excel Syntax) | I2: SQL Deterministic Implementation Expression | J2: Clinical Safety & Guideline Rationale
A3: A | B3: UHID | C3: patient_demographics | D3: uhid | E3: N/A | F3: Exact Key Match | G3: Sheet1!B (UHID(T3)) | H3: ='sheet 1'!B2 | I3: p.uhid | J3: Patient unique identification number linking CI Flags record to Master Registry Cohort
A4: B | B4: Systolic BP | C4: hf_initial_assessment | D4: systolic_bp_sitting | E4: Numeric SBP in mmHg | F4: Extracted from seated BP before '/' | G4: Sheet1!AF (Blood pressure sitting) | H4: =IFERROR(VALUE(LEFT(Sheet1!AF2, FIND('/', Sheet1!AF2)-1)), "") | I4: ia.systolic_bp_sitting | J4: Baseline seated systolic blood pressure used to gate vasodilator and neurohormonal therapies
A5: C | B5: Heart rate | C5: hf_initial_assessment | D5: heart_rate | E5: Numeric HR in bpm | F5: Numerical resting pulse validation | G5: Sheet1!AB (Heart rate) | H5: =IF(ISNUMBER(Sheet1!AB2), Sheet1!AB2, "") | I5: ia.heart_rate | J5: Resting heart rate in beats per minute used to gate chronotropic beta-blockade
A6: D | B6: Potassium | C6: hf_lab_tests | D6: potassium_result | E6: Serum K+ in mEq/L | F6: Numerical potassium serum level | G6: Sheet1!BK (Lab tests Potassium) | H6: =IF(ISNUMBER(Sheet1!BK2), Sheet1!BK2, "") | I6: TRY_CAST(lt.potassium_result AS DECIMAL(4,2)) | J6: Serum potassium level used to monitor hyperkalemia risk under RAASi and MRA therapy
A7: E | B7: Creatinine | C7: hf_lab_tests | D7: creatinine_result | E7: Serum Creatinine in mg/dL | F7: Numerical creatinine level | G7: Sheet1!BL (Creatinine) | H7: =IF(ISNUMBER(Sheet1!BL2), Sheet1!BL2, "") | I7: TRY_CAST(lt.creatinine_result AS DECIMAL(4,2)) | J7: Biomarker of renal function used to establish acute or chronic renal impairment safety thresholds
A8: F | B8: Clinical text (P,S,T,U,X,AO,AP,AQ,AR) | C8: hf_administrative, hf_initial_assessment, hf_final_clinical_assessment | D8: present_diagnosis, renal_failure, other_reason_details, previous_diagnosis, recent_hospitalization_reasons, comorbidity fields | E8: Unstructured Clinical Text | F8: Concatenation of P, S, T, U, X, AO, AP, AQ, AR with pipe separator | G8: Sheet1!P, S, T, U, X, AO, AP, AQ, AR | H8: =UPPER(Sheet1!P2&" | "&Sheet1!S2&" | "&Sheet1!T2&" | "&Sheet1!U2&" | "&Sheet1!X2&" | "&Sheet1!AO2&" | "&Sheet1!AP2&" | "&Sheet1!AQ2&" | "&Sheet1!AR2) | I8: UPPER(CONCAT_WS(' | ', ha.present_diagnosis, ha.other_reason, ia.previous_diagnosis, ia.recent_hospitalization_reasons, fa.cad, fa.hypertension, fa.diabetes_mellitus)) | J8: Aggregated free-text clinical corpus parsed by regex / substring search algorithms to detect undocumented barriers
A9: G | B9: Drug text (BT,BU) | C9: hf_medical_therapy_part1/2/3 | D9: Prescription trade strings & Generic active ingredients | E9: Medication Regimen Text | F9: Concatenation of BT (Trade) and BU (Generic) with pipe separator | G9: Sheet1!BT (Drugs), Sheet1!BU (Generic Names) | H9: =UPPER(Sheet1!BT2&" | "&Sheet1!BU2) | I9: UPPER(CONCAT_WS(' | ', prescribedDrugsSummary, genericNamesSummary)) | J9: Medication text corpus searched for concurrent vasoactive inotropes, vasopressors, or unmapped formulations
A10: H | B10: Bradycardia | C10: hf_initial_assessment | D10: heart_rate | E10: < 50 bpm (Absolute Contraindication) | F10: Heart rate < 50 bpm | G10: CI_Flags!C (Heart rate) | H10: =IF(AND(ISNUMBER(C2), C2 < Contraindications!$E$4), 1, 0) | I10: CASE WHEN ia.heart_rate < 50 THEN 1 ELSE 0 END | J10: Beta-blocker absolute contraindication: Bradycardia precluding negative chronotropic agents
A11: I | B11: SBP < BB/ACEi/ARB threshold | C11: hf_initial_assessment | D11: systolic_bp_sitting | E11: < 90 mmHg (Absolute Contraindication) | F11: Systolic BP < 90 mmHg | G11: CI_Flags!B (Systolic BP) | H11: =IF(AND(ISNUMBER(B2), B2 < Contraindications!$E$5), 1, 0) | I11: CASE WHEN ia.systolic_bp_sitting < 90 THEN 1 ELSE 0 END | J11: Absolute hypotension safety threshold precluding Beta Blockers, ACE inhibitors, and ARBs
A12: J | B12: SBP < ARNI threshold | C12: hf_initial_assessment | D12: systolic_bp_sitting | E12: < 100 mmHg (Absolute Contraindication) | F12: Systolic BP < 100 mmHg (Stricter criteria) | G12: CI_Flags!B (Systolic BP) | H12: =IF(AND(ISNUMBER(B2), B2 < Contraindications!$E$16), 1, 0) | I12: CASE WHEN ia.systolic_bp_sitting < 100 THEN 1 ELSE 0 END | J12: Sacubitril/Valsartan specific hypotension threshold: Requires baseline SBP >= 100 mmHg before initiation
A13: K | B13: Shock / inotropes | C13: hf_administrative, hf_initial_assessment, hf_medical_therapy_part2 | D13: present_diagnosis, drug texts | E13: Active Cardiogenic Shock / Inotrope Support | F13: Keywords: 'SHOCK' (in Clinical Text F); 'DOBUTAMINE', 'DOBU', 'NORAD' (in Drug Text G) | G13: CI_Flags!F, CI_Flags!G | H13: =IF(OR(ISNUMBER(SEARCH("SHOCK",F2)), ISNUMBER(SEARCH("DOBUTAMINE",G2)), ISNUMBER(SEARCH("DOBU",G2)), ISNUMBER(SEARCH("NORAD",G2))), 1, 0) | I13: CASE WHEN clinicalText LIKE '%SHOCK%' OR drugText LIKE '%DOBUTAMINE%' OR drugText LIKE '%NORAD%' THEN 1 ELSE 0 END | J13: Absolute contraindication to Beta-blockers during acute hemodynamic instability / inotrope dependency
A14: L | B14: Asthma / COPD | C14: hf_final_clinical_assessment, hf_initial_assessment | D14: asthma, copd, clinical_text | E14: Severe Bronchospastic Airway Disease | F14: Keywords: 'ASTHMA', 'COPD', 'BRONCH' in Clinical Text F | G14: CI_Flags!F (Clinical text) | H14: =IF(OR(ISNUMBER(SEARCH("ASTHMA",F2)), ISNUMBER(SEARCH("COPD",F2)), ISNUMBER(SEARCH("BRONCH",F2))), 1, 0) | I14: CASE WHEN fa.asthma='Yes' OR fa.copd='Yes' OR clinicalText LIKE '%ASTHMA%' OR clinicalText LIKE '%COPD%' THEN 1 ELSE 0 END | J14: Relative (COPD) or Absolute (Active severe Asthma) contraindication for non-cardioselective Beta Blockers
A15: M | B15: Hyperkalaemia (ACEi/ARB/ARNI) | C15: hf_lab_tests, hf_initial_assessment | D15: potassium_result, clinical_text | E15: K+ > 5.5 mEq/L (Absolute Contraindication) | F15: Potassium > 5.5 OR keyword 'HYPERKAL' in Clinical Text F | G15: CI_Flags!D (Potassium), CI_Flags!F (Clinical text) | H15: =IF(OR(AND(ISNUMBER(D2), D2 > Contraindications!$E$10), ISNUMBER(SEARCH("HYPERKAL",F2))), 1, 0) | I15: CASE WHEN TRY_CAST(lt.potassium_result AS DECIMAL(4,2)) > 5.5 OR clinicalText LIKE '%HYPERKAL%' THEN 1 ELSE 0 END | J15: Safety limit preventing life-threatening hyperkalemic cardiotoxicity under RAAS inhibition
A16: N | B16: Hyperkalaemia (MRA) | C16: hf_lab_tests, hf_initial_assessment | D16: potassium_result, clinical_text | E16: K+ > 5.0 mEq/L (Stricter Absolute Contraindication) | F16: Potassium > 5.0 OR keyword 'HYPERKAL' in Clinical Text F | G16: CI_Flags!D (Potassium), CI_Flags!F (Clinical text) | H16: =IF(OR(AND(ISNUMBER(D2), D2 > Contraindications!$E$20), ISNUMBER(SEARCH("HYPERKAL",F2))), 1, 0) | I16: CASE WHEN TRY_CAST(lt.potassium_result AS DECIMAL(4,2)) > 5.0 OR clinicalText LIKE '%HYPERKAL%' THEN 1 ELSE 0 END | J16: Stricter guideline threshold for aldosterone antagonists due to severe risk of potassium retention
A17: O | B17: Renal impairment (creatinine) | C17: hf_lab_tests | D17: creatinine_result | E17: Creatinine > 2.5 mg/dL (Absolute Contraindication) | F17: Creatinine > 2.5 mg/dL | G17: CI_Flags!E (Creatinine) | H17: =IF(AND(ISNUMBER(E2), E2 > Contraindications!$E$11), 1, 0) | I17: CASE WHEN TRY_CAST(lt.creatinine_result AS DECIMAL(4,2)) > 2.5 THEN 1 ELSE 0 END | J17: Contraindication for ACEi, ARB, ARNI, and MRA initiation due to risk of precipitating acute renal shutdown
A18: P | B18: AV block / sick sinus | C18: hf_cardiac_investigations, hf_initial_assessment | D18: ecg_av_second_degree_block, ecg_av_third_degree_block, clinical_text | E18: High-grade AV Conduction Block (2nd/3rd Degree) | F18: Keywords: 'AV BLOCK', 'HEART BLOCK', 'CHB', 'SICK SINUS' in Clinical Text F | G18: CI_Flags!F (Clinical text) | H18: =IF(OR(ISNUMBER(SEARCH("AV BLOCK",F2)), ISNUMBER(SEARCH("HEART BLOCK",F2)), ISNUMBER(SEARCH("CHB",F2)), ISNUMBER(SEARCH("SICK SINUS",F2))), 1, 0) | I18: CASE WHEN ci.ecg_av_second_degree_block='Yes' OR ci.ecg_av_third_degree_block='Yes' OR clinicalText LIKE '%HEART BLOCK%' OR clinicalText LIKE '%CHB%' THEN 1 ELSE 0 END | J18: Absolute Beta-blocker contraindication: Worsens high-grade nodal conduction failure in absence of pacemaker
A19: Q | B19: DKA | C19: hf_initial_assessment, hf_final_clinical_assessment | D19: clinical_text | E19: Diabetic Ketoacidosis / Euglycemic DKA | F19: Keywords: 'DKA', 'KETOACID' in Clinical Text F | G19: CI_Flags!F (Clinical text) | H19: =IF(OR(ISNUMBER(SEARCH("DKA",F2)), ISNUMBER(SEARCH("KETOACID",F2))), 1, 0) | I19: CASE WHEN clinicalText LIKE '%DKA%' OR clinicalText LIKE '%KETOACID%' THEN 1 ELSE 0 END | J19: Absolute contraindication to SGLT2 inhibitors: Risk of inducing life-threatening euglycemic diabetic ketoacidosis
A20: R | B20: UTI / urosepsis | C20: hf_initial_assessment, hf_administrative | D20: infection, clinical_text | E20: Active Severe Genitourinary Sepsis | F20: Keywords: 'UTI', 'UROSEPSIS' in Clinical Text F | G20: CI_Flags!F (Clinical text) | H20: =IF(OR(ISNUMBER(SEARCH("UTI",F2)), ISNUMBER(SEARCH("UROSEPSIS",F2))), 1, 0) | I20: CASE WHEN ha.infection='Yes' OR clinicalText LIKE '%UTI%' OR clinicalText LIKE '%UROSEPSIS%' THEN 1 ELSE 0 END | J20: Contraindication to SGLT2 inhibitors: Glucosuria exacerbates acute ascending fungal or bacterial urosepsis
A21: S | B21: Severe renal (SGLT2) | C21: hf_lab_tests | D21: creatinine_result | E21: Creatinine > 3.0 mg/dL / eGFR < 20 | F21: Creatinine > 3.0 mg/dL | G21: CI_Flags!E (Creatinine) | H21: =IF(AND(ISNUMBER(E2), E2 > Contraindications!$E$24), 1, 0) | I21: CASE WHEN TRY_CAST(lt.creatinine_result AS DECIMAL(4,2)) > 3.0 THEN 1 ELSE 0 END | J21: Safety cutoff where glycemic and hemodynamic efficacy of SGLT2 inhibitors becomes compromised

Sheet GDMT Summary Mapping
A1: AGGREGATE ANALYTICS & PILLAR UPTAKE: GDMT SUMMARY MAPPING SPECIFICATION
A2: Grid Section | B2: Pillar / Metric Item | C2: Dashboard Output Columns | D2: Target Database Tables & Columns | E2: Cohort Aggregation SQL Query / Expression | F2: Excel Dashboard Formula | G2: Reference Sheet & Cells | H2: Clinical Interpretation & Benchmark Value | I2: Engineering Validation Notes
A3: 1. GDMT Pillar Uptake | B3: Beta blocker | C3: Patients Received, Total, Proportion, % | D3: hf_medical_therapy_part1 (carvedilol, bisoprolol, metoprolol_succinate, nebivolol) | E3: SUM(CASE WHEN carvedilol='Yes' OR bisoprolol='Yes' OR metoprolol_succinate='Yes' OR nebivolol='Yes' THEN 1 ELSE 0 END) | F3: =COUNTIF(Sheet1!BW2:BW286, 1) | G3: Sheet1!BW2:BW286 | H3: Cohort uptake of sympathetic blockade (Benchmark: 36-39% baseline adherence) | I3: Direct sum of binary prescribed flag
A4: 1. GDMT Pillar Uptake | B4: ACE inhibitor | C4: Patients Received, Total, Proportion, % | D4: hf_medical_therapy_part1 (enalapril, ramipril, lisinopril, perindopril) | E4: SUM(CASE WHEN enalapril='Yes' OR ramipril='Yes' OR lisinopril='Yes' OR perindopril='Yes' THEN 1 ELSE 0 END) | F4: =COUNTIF(Sheet1!BX2:BX286, 1) | G4: Sheet1!BX2:BX286 | H4: Cohort uptake of ACE inhibitors (Benchmark: ~0.8-1% uptake) | I4: Alternative to ARB/ARNI in RAAS inhibition
A5: 1. GDMT Pillar Uptake | B5: ARB | C5: Patients Received, Total, Proportion, % | D5: hf_medical_therapy_part1 (valsartan, losartan, telmisartan, olmesartan) | E5: SUM(CASE WHEN valsartan='Yes' OR losartan='Yes' OR telmisartan='Yes' OR olmesartan='Yes' THEN 1 ELSE 0 END) | F5: =COUNTIF(Sheet1!BY2:BY286, 1) | G5: Sheet1!BY2:BY286 | H5: Cohort uptake of Angiotensin Receptor Blockers (Benchmark: ~4.2-4.7% uptake) | I5: Alternative for ACEi-intolerant patients
A6: 1. GDMT Pillar Uptake | B6: ARNI | C6: Patients Received, Total, Proportion, % | D6: hf_followup_records (arni_sacubitril_valsartan_taking), clinical texts | E6: SUM(CASE WHEN arni_sacubitril_valsartan_taking='Yes' OR drug_text LIKE '%SACUBITRIL%' THEN 1 ELSE 0 END) | F6: =COUNTIF(Sheet1!BZ2:BZ286, 1) | G6: Sheet1!BZ2:BZ286 | H6: Cohort uptake of Sacubitril/Valsartan (Benchmark: ~19-23% uptake) | I6: First-line class I recommendation in HFrEF
A7: 1. GDMT Pillar Uptake | B7: MRA | C7: Patients Received, Total, Proportion, % | D7: hf_medical_therapy_part1 (spironolactone, eplerenone) | E7: SUM(CASE WHEN spironolactone='Yes' OR eplerenone='Yes' THEN 1 ELSE 0 END) | F7: =COUNTIF(Sheet1!CA2:CA286, 1) | G7: Sheet1!CA2:CA286 | H7: Cohort uptake of aldosterone antagonists (Benchmark: ~69-72% uptake) | I7: Highest baseline utilized drug pillar in cohort
A8: 1. GDMT Pillar Uptake | B8: SGLT2 inhibitor | C8: Patients Received, Total, Proportion, % | D8: hf_followup_records (sglt2_dapagliflozin_taking), clinical texts | E8: SUM(CASE WHEN sglt2_dapagliflozin_taking='Yes' OR drug_text LIKE '%DAPAGLIFLOZIN%' THEN 1 ELSE 0 END) | F8: =COUNTIF(Sheet1!CB2:CB286, 1) | G8: Sheet1!CB2:CB286 | H8: Cohort uptake of SGLT2 inhibitors (Benchmark: ~10-12% uptake) | I8: Fourth guideline pillar for HFrEF & HFpEF
A9: 2. Multi-Drug Polytherapy | B9: 0 Drugs Taken | C9: Number of Patients, % of Cohort | D9: Computed from CC (Number of GDMT Drugs Taken) | E9: COUNT(*) WHERE (BW+BX+BY+BZ+CA+CB) = 0 | F9: =COUNTIF(Sheet1!CC2:CC286, 0) | G9: Sheet1!CC2:CC286 | H9: Patients receiving zero guideline medical therapies (~14% of cohort) | I9: Reflects profound care gap or end-stage refractory shock
A10: 2. Multi-Drug Polytherapy | B10: 1 Drug Taken (Monotherapy) | C10: Number of Patients, % of Cohort | D10: Computed from CC | E10: COUNT(*) WHERE (BW+BX+BY+BZ+CA+CB) = 1 | F10: =COUNTIF(Sheet1!CC2:CC286, 1) | G10: Sheet1!CC2:CC286 | H10: Patients on a single isolated pillar (~42% of cohort, typically MRA only) | I10: Dominant clinical pattern at presentation
A11: 2. Multi-Drug Polytherapy | B11: 2 Drugs Taken (Dual Therapy) | C11: Number of Patients, % of Cohort | D11: Computed from CC | E11: COUNT(*) WHERE (BW+BX+BY+BZ+CA+CB) = 2 | F11: =COUNTIF(Sheet1!CC2:CC286, 2) | G11: Sheet1!CC2:CC286 | H11: Patients on dual GDMT combination (~32% of cohort, e.g. BB + MRA) | I11: Moderate partial adherence
A12: 2. Multi-Drug Polytherapy | B12: 3 Drugs Taken (Triple Therapy) | C12: Number of Patients, % of Cohort | D12: Computed from CC | E12: COUNT(*) WHERE (BW+BX+BY+BZ+CA+CB) = 3 | F12: =COUNTIF(Sheet1!CC2:CC286, 3) | G12: Sheet1!CC2:CC286 | H12: Patients receiving 3 pillars (~9% of cohort) | I12: Substantial guideline optimization
A13: 2. Multi-Drug Polytherapy | B13: 4+ Drugs Taken (Quadruple Therapy) | C13: Number of Patients, % of Cohort | D13: Computed from CC | E13: COUNT(*) WHERE (BW+BX+BY+BZ+CA+CB) >= 4 | F13: =COUNTIF(Sheet1!CC2:CC286, ">=4") | G13: Sheet1!CC2:CC286 | H13: Optimal guideline care: Quadruple therapy (~2% of cohort) | I13: Gold standard comprehensive therapy
A14: 3. Prescriptions Irrespective of CI | B14: Beta Blocker Prescribed | C14: Count of UHID, % | D14: Sheet1!BW, patient_demographics.uhid | E14: COUNT(DISTINCT p.uhid) WHERE BW = 1 | F14: =COUNTIF(Sheet1!BW2:BW286, 1) | G14: Sheet1!BW2:BW286, B2:B286 | H14: Total patients receiving Beta Blocker regardless of contraindication flag | I14: Numerator: 108 / 278 (38.85%)
A15: 3. Prescriptions Irrespective of CI | B15: ACE Inhibitor Prescribed | C15: Count of UHID, % | D15: Sheet1!BX, patient_demographics.uhid | E15: COUNT(DISTINCT p.uhid) WHERE BX = 1 | F15: =COUNTIF(Sheet1!BX2:BX286, 1) | G15: Sheet1!BX2:BX286, B2:B286 | H15: Total patients receiving ACE Inhibitor | I15: Numerator: 2 / 278 (0.72%)
A16: 3. Prescriptions Irrespective of CI | B16: ARB Prescribed | C16: Count of UHID, % | D16: Sheet1!BY, patient_demographics.uhid | E16: COUNT(DISTINCT p.uhid) WHERE BY = 1 | F16: =COUNTIF(Sheet1!BY2:BY286, 1) | G16: Sheet1!BY2:BY286, B2:B286 | H16: Total patients receiving ARB | I16: Numerator: 13 / 278 (4.68%)
A17: 3. Prescriptions Irrespective of CI | B17: ARNI Prescribed | C17: Count of UHID, % | D17: Sheet1!BZ, patient_demographics.uhid | E17: COUNT(DISTINCT p.uhid) WHERE BZ = 1 | F17: =COUNTIF(Sheet1!BZ2:BZ286, 1) | G17: Sheet1!BZ2:BZ286, B2:B286 | H17: Total patients receiving ARNI | I17: Numerator: 54 / 278 (19.42%)
A18: 3. Prescriptions Irrespective of CI | B18: MRA Prescribed | C18: Count of UHID, % | D18: Sheet1!CA, patient_demographics.uhid | E18: COUNT(DISTINCT p.uhid) WHERE CA = 1 | F18: =COUNTIF(Sheet1!CA2:CA286, 1) | G18: Sheet1!CA2:CA286, B2:B286 | H18: Total patients receiving MRA | I18: Numerator: 192 / 278 (69.06%)
A19: 3. Prescriptions Irrespective of CI | B19: SGLT2 Inhibitor Prescribed | C19: Count of UHID, % | D19: Sheet1!CB, patient_demographics.uhid | E19: COUNT(DISTINCT p.uhid) WHERE CB = 1 | F19: =COUNTIF(Sheet1!CB2:CB286, 1) | G19: Sheet1!CB2:CB286, B2:B286 | H19: Total patients receiving SGLT2i | I19: Numerator: 27 / 278 (9.71%)
A20: 4. Deviations Breakdown | B20: Deviation for Beta blocker | C20: Count of UHID, % | D20: Sheet1!CJ, patient_demographics.uhid | E20: SUM(CJ) | F20: =COUNTIF(Sheet1!CJ2:CJ286, 1) | G20: Sheet1!CJ2:CJ286 | H20: Patients with guideline deviation on Beta Blocker (46.8% deviation rate) | I20: Given with CI (Harm) or Withheld without CI (Under-treatment)
A21: 4. Deviations Breakdown | B21: Deviation for ACE inhibitor | C21: Count of UHID, % | D21: Sheet1!CK, patient_demographics.uhid | E21: SUM(CK) | F21: =COUNTIF(Sheet1!CK2:CK286, 1) | G21: Sheet1!CK2:CK286 | H21: Patients with deviation on ACE inhibitor (82.7% deviation rate) | I21: High due to non-use in absence of identified contraindication
A22: 4. Deviations Breakdown | B22: Deviation for ARB | C22: Count of UHID, % | D22: Sheet1!CL, patient_demographics.uhid | E22: SUM(CL) | F22: =COUNTIF(Sheet1!CL2:CL286, 1) | G22: Sheet1!CL2:CL286 | H22: Patients with deviation on ARB (78.8% deviation rate) | I22: High omission rate
A23: 4. Deviations Breakdown | B23: Deviation for ARNI | C23: Count of UHID, % | D23: Sheet1!CM, patient_demographics.uhid | E23: SUM(CM) | F23: =COUNTIF(Sheet1!CM2:CM286, 1) | G23: Sheet1!CM2:CM286 | H23: Patients with deviation on ARNI (60.1% deviation rate) | I23: Omitted in eligible patients
A24: 4. Deviations Breakdown | B24: Deviation for MRA | C24: Count of UHID, % | D24: Sheet1!CN, patient_demographics.uhid | E24: SUM(CN) | F24: =COUNTIF(Sheet1!CN2:CN286, 1) | G24: Sheet1!CN2:CN286 | H24: Patients with deviation on MRA (33.5% deviation rate) | I24: Lowest deviation; frequent prescribing despite mild renal flag
A25: 4. Deviations Breakdown | B25: Deviation for SGLT2 inhibitor | C25: Count of UHID, % | D25: Sheet1!CO, patient_demographics.uhid | E25: SUM(CO) | F25: =COUNTIF(Sheet1!CO2:CO286, 1) | G25: Sheet1!CO2:CO286 | H25: Patients with deviation on SGLT2i (72.3% deviation rate) | I25: Under-treatment represents major clinical quality improvement target
A26: 5. Adherence Distribution | B26: 0.0% Adherence (6 Deviations) | C26: UHID Count, % of Cohort | D26: Sheet1!CP (Total Deviations = 6) | E26: COUNT(*) WHERE CP = 6 | F26: =COUNTIFS(Sheet1!$CP$2:$CP$286, 6, Sheet1!$B$2:$B$286, "<>") | G26: Sheet1!CP, B | H26: Patients with zero concordant pillar decisions (~6.5% of cohort) | I26: Complete care discordance
A27: 5. Adherence Distribution | B27: 16.7% Adherence (5 Deviations) | C27: UHID Count, % of Cohort | D27: Sheet1!CP (Total Deviations = 5) | E27: COUNT(*) WHERE CP = 5 | F27: =COUNTIFS(Sheet1!$CP$2:$CP$286, 5, Sheet1!$B$2:$B$286, "<>") | G27: Sheet1!CP, B | H27: Patients with 1 appropriate decision (~26.6% of cohort) | I27: Severe undertreatment
A28: 5. Adherence Distribution | B28: 33.3% Adherence (4 Deviations) | C28: UHID Count, % of Cohort | D28: Sheet1!CP (Total Deviations = 4) | E28: COUNT(*) WHERE CP = 4 | F28: =COUNTIFS(Sheet1!$CP$2:$CP$286, 4, Sheet1!$B$2:$B$286, "<>") | G28: Sheet1!CP, B | H28: Cohort Mode: 2 appropriate decisions (~34.2% of cohort) | I28: Most frequent adherence profile
A29: 5. Adherence Distribution | B29: 50.0% Adherence (3 Deviations) | C29: UHID Count, % of Cohort | D29: Sheet1!CP (Total Deviations = 3) | E29: COUNT(*) WHERE CP = 3 | F29: =COUNTIFS(Sheet1!$CP$2:$CP$286, 3, Sheet1!$B$2:$B$286, "<>") | G29: Sheet1!CP, B | H29: Patients with 3 appropriate decisions (~13.7% of cohort) | I29: Balanced concordant decisions
A30: 5. Adherence Distribution | B30: 66.7% Adherence (2 Deviations) | C30: UHID Count, % of Cohort | D30: Sheet1!CP (Total Deviations = 2) | E30: COUNT(*) WHERE CP = 2 | F30: =COUNTIFS(Sheet1!$CP$2:$CP$286, 2, Sheet1!$B$2:$B$286, "<>") | G30: Sheet1!CP, B | H30: Patients with 4 appropriate decisions (~9.0% of cohort) | I30: Substantial guideline fidelity
A31: 5. Adherence Distribution | B31: 83.3% Adherence (1 Deviation) | C31: UHID Count, % of Cohort | D31: Sheet1!CP (Total Deviations = 1) | E31: COUNT(*) WHERE CP = 1 | F31: =COUNTIFS(Sheet1!$CP$2:$CP$286, 1, Sheet1!$B$2:$B$286, "<>") | G31: Sheet1!CP, B | H31: Patients with 5 appropriate decisions (~6.5% of cohort) | I31: Near complete guideline adherence
A32: 5. Adherence Distribution | B32: 100.0% Adherence (0 Deviations) | C32: UHID Count, % of Cohort | D32: Sheet1!CP (Total Deviations = 0) | E32: COUNT(*) WHERE CP = 0 | F32: =COUNTIFS(Sheet1!$CP$2:$CP$286, 0, Sheet1!$B$2:$B$286, "<>") | G32: Sheet1!CP, B | H32: Patients with complete guideline concordance across all 6 pillars (~3.6% of cohort) | I32: Benchmark clinical excellence

Sheet Key Points Mapping
A1: EXECUTIVE KPI & CLINICAL DECISION SUMMARY: KEY POINTS MAPPING SPECIFICATION
A2: Parameter Index | B2: Clinical Parameter / KPI Name | C2: Dashboard Source Sheet & Columns | D2: Target Database Table(s) | E2: Target Database Column(s) | F2: SQL Deterministic Implementation Expression | G2: Excel Dashboard Formula | H2: Clinical Insight & Benchmark Value | I2: Clinical Significance & Actionable Insight
A3: 1 | B3: Patients (UHIDs) in dataset | C3: Sheet1!B (UHID(T3)) | D3: patient_demographics | E3: uhid | F3: COUNT(DISTINCT p.uhid) | G3: =COUNTA(Sheet1!B2:B286) | H3: Total registry cohort size (278 patients) | I3: Denominator for all epidemiological and therapy uptake calculations
A4: 2 | B4: Male | C4: Sheet1!H (Gender) | D4: patient_demographics | E4: gender | F4: COUNT(*) WHERE p.gender = 'Male' | G4: =COUNTIF(Sheet1!H2:H286, "Male") | H4: Male representation (e.g. 182 males / 65.5%) | I4: Baseline demographic distribution in acute heart failure cohort
A5: 3 | B5: Female | C5: Sheet1!H (Gender) | D5: patient_demographics | E5: gender | F5: COUNT(*) WHERE p.gender = 'Female' | G5: =COUNTIF(Sheet1!H2:H286, "female") | H5: Female representation (e.g. 96 females / 34.5%) | I5: Sex-specific differences in HF etiology and treatment compliance
A6: 4 | B6: Mean age (years) | C6: Sheet1!G (Age) | D6: patient_demographics, hf_administrative | E6: date_of_birth, visit_date | F6: AVG(DATEDIFF(YEAR, p.date_of_birth, ha.visit_date)) | G6: =AVERAGE(Sheet1!G2:G286) | H6: Average patient age (e.g. 56.4 years) | I6: Assesses premature cardiovascular morbidity in Indian registry
A7: 5 | B7: HFrEF (EF <= 40%) | C7: Sheet1!AN (Type of Heart failure) | D7: hf_final_clinical_assessment, hf_cardiac_investigations | E7: hfref, echo_ef | F7: COUNT(*) WHERE fa.hfref='Yes' OR ci.echo_ef <= 40 | G7: =COUNTIF(Sheet1!AN2:AN286, "HFrEF") | H7: Heart Failure with reduced Ejection Fraction (~78% of cohort) | I7: Primary target population indicated for full 4-pillar GDMT
A8: 6 | B8: HFpEF (EF >= 50%) | C8: Sheet1!AN (Type of Heart failure) | D8: hf_final_clinical_assessment, hf_cardiac_investigations | E8: hfpef, echo_ef | F8: COUNT(*) WHERE fa.hfpef='Yes' OR ci.echo_ef >= 50 | G8: =COUNTIF(Sheet1!AN2:AN286, "HFpEF") | H8: Heart Failure with preserved Ejection Fraction (~18% of cohort) | I8: Target population primarily indicated for SGLT2i and diuretic decongestion
A9: 7 | B9: Mean EF % | C9: Sheet1!BI (EF%) | D9: hf_cardiac_investigations | E9: echo_ef | F9: AVG(ci.echo_ef) | G9: =AVERAGE(Sheet1!BI2:BI286) | H9: Average left ventricular ejection fraction (~32.6%) | I9: Key quantitative echocardiographic marker of systolic dysfunction
A10: 8 | B10: NYHA class III | C10: Sheet1!AU (Functional Status) | D10: hf_final_clinical_assessment | E10: nyha_class_3 | F10: COUNT(*) WHERE fa.nyha_class_3 = 'Yes' | G10: =COUNTIF(Sheet1!AU2:AU286, "NYHA class III") | H10: Moderate symptoms with marked limitation (~54% of cohort) | I10: Predominant functional stage at hospital presentation
A11: 9 | B11: NYHA class IV | C11: Sheet1!AU (Functional Status) | D11: hf_final_clinical_assessment | E11: nyha_class_4 | F11: COUNT(*) WHERE fa.nyha_class_4 = 'Yes' | G11: =COUNTIF(Sheet1!AU2:AU286, "NYHA class IV") | H11: Severe symptoms at rest (~21% of cohort) | I11: High-risk acute decompensated subpopulation requiring aggressive management
A12: 10 | B12: Diabetes mellitus | C12: Sheet1!AO:AR (Comorbidities) | D12: hf_final_clinical_assessment, patient_demographics | E12: diabetes_mellitus, diabetes | F12: COUNT(*) WHERE fa.diabetes_mellitus='Yes' OR p.diabetes='Yes' | G12: =SUMPRODUCT(--(MMULT(--(Sheet1!AO2:AR286="Diabetes mellitus"),{1;1;1;1})>0)) | H12: Diabetic comorbidity prevalence (~40-42% of cohort) | I12: Strong independent risk factor and class I indication for SGLT2 inhibitors
A13: 11 | B13: Hypertension | C13: Sheet1!AO:AR (Comorbidities) | D13: hf_final_clinical_assessment, patient_demographics | E13: hypertension | F13: COUNT(*) WHERE fa.hypertension='Yes' OR p.hypertension='Yes' | G13: =SUMPRODUCT(--(MMULT(--(UPPER(Sheet1!AO2:AR286)="HYPERTENSION"),{1;1;1;1})>0)) | H13: Hypertension comorbidity prevalence (~60-63% of cohort) | I13: Major etiological contributor to left ventricular hypertrophy and HF
A14: 12 | B14: Renal failure / CKD flagged | C14: CI Flags!O (Renal impairment) | D14: hf_lab_tests, hf_final_clinical_assessment | E14: creatinine_result, renal_failure | F14: COUNT(*) WHERE TRY_CAST(lt.creatinine_result AS DECIMAL(4,2)) > 2.5 OR fa.renal_failure='Yes' | G14: =SUM('CI Flags'!O2:O286) | H14: Active renal contraindication flag (15 patients / ~5.4%) | I14: Primary safety barrier limiting RAASi and MRA uptitration
A15: 13 | B15: Deaths recorded | C15: Sheet1!AZ (Death) | D15: hf_final_clinical_assessment | E15: mace_death, death_date | F15: COUNT(*) WHERE fa.mace_death='Yes' OR fa.death_date IS NOT NULL | G15: =COUNTIF(Sheet1!AZ2:AZ286, "Y*")+COUNTIF(Sheet1!AZ2:AZ286, "Yes") | H15: In-hospital / follow-up mortality (5 recorded deaths) | I15: Key clinical outcome metric evaluating registry quality of care
A16: 14 | B16: Mean number of GDMT drugs per patient | C16: Sheet1!CC (Number of GDMT Drugs Taken) | D16: Sheet1!CC | E16: SUM(BW..CB) / Total Cohort | F16: AVG(BW + BX + BY + BZ + CA + CB) | G16: =AVERAGE(Sheet1!CC2:CC286) | H16: Average GDMT classes per patient (1.43 classes out of 6) | I16: Quantifies overall prescribing intensity across the cohort
A17: 15 | B17: Mean % GDMT adherence | C17: Sheet1!CR (% of GDMT adhered to) | D17: Sheet1!CR | E17: (6 - Total Deviations) / 6 | F17: AVG((6.0 - CP) / 6.0) | G17: =AVERAGE(Sheet1!CR2:CR286) | H17: Average cohort guideline adherence proportion (~36.2%) | I17: Core executive composite KPI for quality improvement dashboard
A18: 16 | B18: Beta Blocker Utilization & CI | C18: Sheet1!BW, Sheet1!CD | D18: hf_medical_therapy_part1, CI Flags | E18: carvedilol..nebivolol, CI flags | F18: SUM(BW), SUM(CD) | G18: =SUM(Sheet1!BW2:BW286) / =SUM(Sheet1!CD2:CD286) | H18: 38.8% on drug; 14.7% with documented CI | I18: Primary barriers: Bradycardia (<50 bpm), Shock, Severe Hypotension
A19: 17 | B19: ACE Inhibitor Utilization & CI | C19: Sheet1!BX, Sheet1!CE | D19: hf_medical_therapy_part1, CI Flags | E19: enalapril..perindopril, CI flags | F19: SUM(BX), SUM(CE) | G19: =SUM(Sheet1!BX2:BX286) / =SUM(Sheet1!CE2:CE286) | H19: 0.7% on drug; 18.3% with documented CI | I19: Largely supplanted by ARNI in contemporary specialist practice
A20: 18 | B20: ARB Utilization & CI | C20: Sheet1!BY, Sheet1!CF | D20: hf_medical_therapy_part1, CI Flags | E20: valsartan..olmesartan, CI flags | F20: SUM(BY), SUM(CF) | G20: =SUM(Sheet1!BY2:BY286) / =SUM(Sheet1!CF2:CF286) | H20: 4.7% on drug; 18.3% with documented CI | I20: Preserved for ACEi-cough intolerant patients not transitioned to ARNI
A21: 19 | B21: ARNI Utilization & CI | C21: Sheet1!BZ, Sheet1!CG | D21: hf_followup_records, CI Flags | E21: arni_sacubitril_valsartan_taking, CI flags | F21: SUM(BZ), SUM(CG) | G21: =SUM(Sheet1!BZ2:BZ286) / =SUM(Sheet1!CG2:CG286) | H21: 19.4% on drug; 26.3% with documented CI | I21: Limited by baseline SBP < 100 mmHg and economic affordability
A22: 20 | B22: MRA Utilization & CI | C22: Sheet1!CA, Sheet1!CH | D22: hf_medical_therapy_part1, CI Flags | E22: spironolactone, eplerenone, CI flags | F22: SUM(CA), SUM(CH) | G22: =SUM(Sheet1!CA2:CA286) / =SUM(Sheet1!CH2:CH286) | H22: 69.1% on drug; 8.6% with documented CI | I22: Highest prescribed class; small subset prescribed despite borderline renal flag
A23: 21 | B23: SGLT2i Utilization & CI | C23: Sheet1!CB, Sheet1!CI | D23: hf_followup_records, CI Flags | E23: sglt2_dapagliflozin_taking, CI flags | F23: SUM(CB), SUM(CI) | G23: =SUM(Sheet1!CB2:CB286) / =SUM(Sheet1!CI2:CI286) | H23: 9.7% on drug; 7.2% with documented CI | I23: Significant under-treatment gap representing major intervention target
A24: 22 | B24: Harm Deviation (Given despite CI) | C24: Sheet1!BW..CB, Sheet1!CD..CI | D24: Derived cross-tabulation | E24: prescribed=1 AND contra=1 | F24: SUM(CASE WHEN prescribed=1 AND contra=1 THEN 1 ELSE 0 END) | G24: =SUMPRODUCT((Sheet1!BW2:BW286=1)*(Sheet1!CD2:CD286=1)) | H24: MRA represents highest harm deviation (~12 patients) | I24: Patients receiving therapy despite laboratory safety threshold flags
A25: 23 | B25: Omission Deviation (Withheld without CI) | C25: Sheet1!BW..CB, Sheet1!CD..CI | D25: Derived cross-tabulation | E25: prescribed=0 AND contra=0 | F25: SUM(CASE WHEN prescribed=0 AND contra=0 THEN 1 ELSE 0 END) | G25: =SUMPRODUCT((Sheet1!BW2:BW286=0)*(Sheet1!CD2:CD286=0)) | H25: SGLT2i (201 patients), ACEi (228 patients), ARB (214 patients) | I25: Dominant clinical deviation mode in heart failure registries
A26: 24 | B26: Quality Action: SGLT2i Optimization | C26: Sheet1!CB, CI Flags!Q,R,S | D26: hf_followup_records, hf_lab_tests | E26: sglt2_dapagliflozin_taking, creatinine_result | F26: SELECT uhid FROM cohort WHERE CB=0 AND SGLT2_CI=0 | G26: Filter Sheet1 where CB=0 and CI=0 | H26: 201 eligible patients withheld without medical justification | I26: Immediate quality improvement initiative: Initiate Dapagliflozin/Empagliflozin in eligible HFrEF/HFpEF
A27: 25 | B27: Quality Action: ARNI Transition | C27: Sheet1!BZ, CI Flags!J,M,O | D27: hf_followup_records, hf_initial_assessment | E27: arni_taking, systolic_bp_sitting | F27: SELECT uhid FROM cohort WHERE BZ=0 AND SBP>=100 AND K<=5.5 | G27: Filter Sheet1 where BZ=0 and CG=0 | H27: 167 eligible patients withheld without medical justification | I27: Transition stable patients on ACEi/ARB or de novo HFrEF to Sacubitril/Valsartan
